{"max": [-0.9144, 0.127, 1.524], "centroid": [-1.2191997655172402, 0.0543186063448276, 1.2191997655172413], "id": "8d457deaf22394da65c5c31ac688ec4", "numVertices": 290, "min": [-1.524, 0.0, 0.9144]}
